{
  "R_dc": [
    [
      0.9998059868812561,
      -0.019662784412503242,
      -0.0011584119638428092
    ],
    [
      0.01966782845556736,
      0.9997963905334473,
      0.0045158592984080315
    ],
    [
      0.0010693817166611552,
      -0.004537766799330711,
      0.9999891519546509
    ]
  ],
  "t_dc_m": [
    0.014968392439186573,
    -0.0001514131436124444,
    -2.298034269188065e-05
  ]
}