{
  "fx": 606.7058715820312,
  "fy": 606.7095947265625,
  "cx": 319.6088562011719,
  "cy": 244.9784698486328,
  "width": 640,
  "height": 480
}